수집시간,정산회차,타이밍,시간대,롱숏_롱,롱숏_숏,청산금액,청산_롱,청산_숏,청산비율,펀딩_바이낸스,펀딩_OKX,펀딩_바이비트,미결제_비중,미결제_BTC,미결제_USD,BTC_현재가,업비트_KRW,달러환율,김치프리미엄
2026-05-11 17:00,3차(17:00),정산_기준,1시간,49.09%,50.91%,2.73M,1.76M,975.90K,64.31% 롱포지션,+0.003%,+0.010%,+0.005%,17.68%,10.38B,128.66K,"$80,730.44",,,
2026-05-11 17:00,3차(17:00),정산_기준,4시간,50.15%,49.85%,11.07M,7.01M,4.06M,63.32% 롱포지션,+0.003%,+0.010%,+0.005%,17.68%,10.38B,128.66K,"$80,730.44",,,
2026-05-11 17:00,3차(17:00),정산_기준,12시간,50.31%,49.69%,262.35M,145.31M,117.04M,55.39% 롱포지션,+0.003%,+0.010%,+0.005%,17.68%,10.38B,128.66K,"$80,730.44",,,
2026-05-11 17:00,3차(17:00),정산_기준,24시간,50.12%,49.88%,409.71M,163.97M,245.74M,59.98% 숏포지션,+0.003%,+0.010%,+0.005%,17.68%,10.38B,128.66K,"$80,730.44",,,
2026-05-11 17:30,3차(17:00),정산_30분후,1시간,48.96%,51.04%,3.95M,3.06M,893.95K,77.4% 롱포지션,+0.003%,+0.009%,+0.007%,17.70%,10.38B,128.67K,"$80,682.56",,,
2026-05-11 18:00,3차(17:00),정산_1시간후,1시간,49.12%,50.88%,3.82M,3.12M,703.85K,81.58% 롱포지션,+0.003%,+0.008%,+0.007%,17.71%,10.38B,128.63K,"$80,792.16",,,
2026-05-11 20:00,-,일반,1시간,50.41%,49.59%,3.31M,1.94M,1.37M,58.65% 롱포지션,+0.003%,+0.002%,+0.006%,17.51%,10.42B,128.71K,"$80,979.69",,,
2026-05-11 22:00,-,일반,1시간,49.79%,50.21%,6.99M,2.22M,4.77M,68.29% 숏포지션,+0.002%,-0.002%,+0.001%,17.61%,10.49B,129.45K,"$81,069.6",,,
2026-05-12 00:00,1차(01:00),정산_1시간전,1시간,49.86%,50.14%,21.38M,18.76M,2.63M,87.71% 롱포지션,+0.003%,0.000%,+0.002%,17.64%,10.51B,129.99K,"$80,911.19",,,
2026-05-12 00:30,1차(01:00),정산_30분전,1시간,50.86%,49.14%,27.14M,20.32M,6.82M,74.87% 롱포지션,+0.004%,+0.001%,+0.002%,17.66%,10.56B,129.90K,"$81,336.05",,,
2026-05-12 01:00,1차(01:00),정산_기준,1시간,50.87%,49.13%,12.00M,4.99M,7.01M,58.4% 숏포지션,+0.005%,+0.001%,+0.002%,17.72%,10.59B,130.19K,"$81,436.1",,,
2026-05-12 01:00,1차(01:00),정산_기준,4시간,50.22%,49.78%,57.21M,35.75M,21.46M,62.48% 롱포지션,+0.005%,+0.001%,+0.002%,17.72%,10.59B,130.19K,"$81,436.1",,,
2026-05-12 01:00,1차(01:00),정산_기준,12시간,49.96%,50.04%,79.72M,49.53M,30.18M,62.14% 롱포지션,+0.005%,+0.001%,+0.002%,17.72%,10.59B,130.19K,"$81,436.1",,,
2026-05-12 01:00,1차(01:00),정산_기준,24시간,50.09%,49.91%,417.95M,195.23M,222.72M,53.29% 숏포지션,+0.005%,+0.001%,+0.002%,17.72%,10.59B,130.19K,"$81,436.1",,,
2026-05-12 01:30,1차(01:00),정산_30분후,1시간,50.34%,49.66%,23.82M,911.35K,22.91M,96.17% 숏포지션,+0.004%,+0.001%,+0.001%,17.76%,10.66B,130.47K,"$81,824.85",,,
2026-05-12 02:00,1차(01:00),정산_1시간후,1시간,49.79%,50.21%,23.37M,1.75M,21.62M,92.52% 숏포지션,+0.004%,+0.001%,+0.002%,17.79%,10.66B,130.73K,"$81,545.71",,,
2026-05-12 04:00,-,일반,1시간,50.33%,49.67%,41.05M,10.61M,30.44M,74.16% 숏포지션,+0.002%,-0.002%,+0.001%,17.84%,10.78B,131.55K,"$81,883.7",,,
2026-05-12 06:00,-,일반,1시간,50.25%,49.75%,5.44M,2.59M,2.84M,52.29% 숏포지션,0.000%,-0.006%,+0.001%,17.94%,10.82B,132.33K,"$81,829.01",,,
2026-05-12 08:00,2차(09:00),정산_1시간전,1시간,49.79%,50.21%,3.21M,629.54K,2.58M,80.41% 숏포지션,0.000%,-0.006%,+0.001%,18.00%,10.83B,132.38K,"$81,810.21",,,
2026-05-12 08:30,2차(09:00),정산_30분전,1시간,49.74%,50.26%,3.18M,1.34M,1.84M,57.83% 숏포지션,0.000%,-0.006%,+0.001%,18.01%,10.81B,132.45K,"$81,670.98",,,
2026-05-12 09:00,2차(09:00),정산_기준,1시간,50.08%,49.92%,3.89M,2.18M,1.71M,55.98% 롱포지션,0.000%,-0.006%,+0.002%,18.02%,10.81B,132.33K,"$81,706.13",,,
2026-05-12 09:00,2차(09:00),정산_기준,4시간,50.24%,49.76%,15.60M,7.27M,8.33M,53.41% 숏포지션,0.000%,-0.006%,+0.002%,18.02%,10.81B,132.33K,"$81,706.13",,,
2026-05-12 09:00,2차(09:00),정산_기준,12시간,50.2%,49.8%,153.93M,58.52M,95.40M,61.98% 숏포지션,0.000%,-0.006%,+0.002%,18.02%,10.81B,132.33K,"$81,706.13",,,
2026-05-12 09:00,2차(09:00),정산_기준,24시간,50.06%,49.94%,242.04M,123.90M,118.14M,51.19% 롱포지션,0.000%,-0.006%,+0.002%,18.02%,10.81B,132.33K,"$81,706.13",,,
2026-05-12 09:30,2차(09:00),정산_30분후,1시간,50.37%,49.63%,4.66M,2.73M,1.93M,58.54% 롱포지션,0.000%,-0.005%,-0.002%,18.05%,10.81B,132.57K,"$81,583.48",,,
2026-05-12 10:00,2차(09:00),정산_1시간후,1시간,49.76%,50.24%,2.49M,1.63M,863.76K,65.35% 롱포지션,+0.001%,-0.004%,+0.001%,18.05%,10.80B,132.51K,"$81,598.02",,,
2026-05-12 12:00,-,일반,1시간,49.58%,50.42%,1.99M,923.45K,1.07M,53.62% 숏포지션,0.000%,0.000%,-0.001%,18.12%,10.78B,132.69K,"$81,249.48",,,
2026-05-12 14:00,-,일반,1시간,51%,49%,1.37M,735.68K,636.46K,53.62% 롱포지션,+0.003%,+0.003%,-0.002%,18.18%,10.84B,133.52K,"$81,225.2",,,
2026-05-12 16:00,3차(17:00),정산_1시간전,1시간,48.77%,51.23%,3.62M,2.41M,1.22M,66.39% 롱포지션,+0.004%,+0.004%,-0.002%,18.14%,10.85B,134.02K,"$81,004.19",,,
2026-05-12 16:30,3차(17:00),정산_30분전,1시간,49.79%,50.21%,7.25M,5.87M,1.38M,80.96% 롱포지션,+0.005%,+0.004%,-0.002%,18.12%,10.87B,134.10K,"$81,017.39",,,
2026-05-12 17:00,3차(17:00),정산_기준,1시간,50.68%,49.32%,7.38M,6.46M,924.66K,87.47% 롱포지션,+0.004%,+0.003%,-0.002%,18.03%,10.79B,133.47K,"$80,867.84",,,
2026-05-12 17:00,3차(17:00),정산_기준,4시간,49.62%,50.38%,14.93M,10.33M,4.60M,69.21% 롱포지션,+0.004%,+0.003%,-0.002%,18.03%,10.79B,133.47K,"$80,867.84",,,
2026-05-12 17:00,3차(17:00),정산_기준,12시간,49.89%,50.11%,88.35M,71.14M,17.21M,80.52% 롱포지션,+0.004%,+0.003%,-0.002%,18.03%,10.79B,133.47K,"$80,867.84",,,
2026-05-12 17:00,3차(17:00),정산_기준,24시간,49.93%,50.07%,238.46M,129.13M,109.33M,54.15% 롱포지션,+0.004%,+0.003%,-0.002%,18.03%,10.79B,133.47K,"$80,867.84",,,
2026-05-12 17:30,3차(17:00),정산_30분후,1시간,49.78%,50.22%,14.23M,13.10M,1.13M,92.09% 롱포지션,+0.004%,+0.002%,-0.003%,17.98%,10.78B,133.37K,"$80,842.58",,,
2026-05-12 18:00,3차(17:00),정산_1시간후,1시간,49.67%,50.33%,10.44M,9.23M,1.21M,88.4% 롱포지션,+0.004%,+0.001%,,17.97%,10.79B,133.50K,"$80,859.2",,,
2026-05-12 20:00,-,일반,1시간,50.48%,49.52%,10.52M,9.72M,806.50K,92.34% 롱포지션,+0.002%,-0.001%,+0.008%,17.93%,10.74B,133.25K,"$80,660.41",,,
2026-05-12 22:00,-,일반,1시간,49.21%,50.79%,8.03M,5.00M,3.03M,62.25% 롱포지션,+0.003%,-0.003%,+0.005%,17.93%,10.81B,133.70K,"$80,890.63","119,731,000",1473.05,+0.509%
2026-05-13 00:00,1차(01:00),정산_1시간전,1시간,48.62%,51.38%,46.09M,44.25M,1.84M,96.02% 롱포지션,+0.005%,-0.006%,+0.003%,18.09%,10.86B,134.86K,"$80,492.74","119,330,000",1473.05,+0.652%
2026-05-13 00:30,1차(01:00),정산_30분전,1시간,50.18%,49.82%,58.72M,56.44M,2.28M,96.11% 롱포지션,+0.005%,-0.006%,+0.003%,18.21%,10.88B,135.60K,"$80,261.26","119,035,000",1473.05,+0.724%
2026-05-13 01:00,1차(01:00),정산_기준,1시간,51.68%,48.32%,34.53M,32.74M,1.78M,94.84% 롱포지션,+0.006%,-0.006%,+0.002%,18.15%,10.94B,136.17K,"$80,242.87","119,029,000",1473.05,+0.642%
2026-05-13 01:00,1차(01:00),정산_기준,4시간,49.5%,50.5%,106.89M,95.58M,11.31M,89.42% 롱포지션,+0.006%,-0.006%,+0.002%,18.15%,10.94B,136.17K,"$80,242.87","119,029,000",1473.05,+0.642%
2026-05-13 01:00,1차(01:00),정산_기준,12시간,49.69%,50.31%,163.40M,143.52M,19.88M,87.83% 롱포지션,+0.006%,-0.006%,+0.002%,18.15%,10.94B,136.17K,"$80,242.87","119,029,000",1473.05,+0.642%
2026-05-13 01:00,1차(01:00),정산_기준,24시간,49.89%,50.11%,317.98M,219.83M,98.15M,69.13% 롱포지션,+0.006%,-0.006%,+0.002%,18.15%,10.94B,136.17K,"$80,242.87","119,029,000",1473.05,+0.642%
2026-05-13 01:30,1차(01:00),정산_30분후,1시간,50.48%,49.52%,4.97M,3.88M,1.09M,78.07% 롱포지션,+0.007%,-0.006%,+0.002%,18.19%,10.97B,136.79K,"$80,292.86","119,010,000",1473.05,+0.665%
2026-05-13 02:00,1차(01:00),정산_1시간후,1시간,49.87%,50.13%,25.77M,24.58M,1.19M,95.4% 롱포지션,+0.006%,-0.006%,+0.002%,18.22%,10.96B,136.95K,"$79,965.71","118,765,000",1473.05,+0.791%
2026-05-13 04:00,-,일반,1시간,49.88%,50.12%,5.06M,469.19K,4.59M,90.72% 숏포지션,+0.009%,-0.006%,+0.003%,18.40%,11.11B,137.73K,"$80,679.58","119,581,000",1473.05,+0.620%
2026-05-13 06:00,-,일반,1시간,51.52%,48.48%,5.47M,1.28M,4.19M,76.52% 숏포지션,+0.008%,-0.006%,-0.001%,18.44%,11.09B,137.53K,"$80,720.4","119,530,000",1473.05,+0.594%
2026-05-13 08:00,2차(09:00),정산_1시간전,1시간,49.54%,50.46%,2.19M,388.43K,1.80M,82.23% 숏포지션,+0.006%,-0.003%,-0.001%,18.38%,11.07B,137.17K,"$80,655.7","119,549,000",1473.05,+0.633%
2026-05-13 08:30,2차(09:00),정산_30분전,1시간,48.1%,51.9%,1.22M,716.36K,505.53K,58.63% 롱포지션,+0.006%,-0.002%,-0.001%,18.40%,11.06B,137.20K,"$80,649.43","119,395,000",1473.05,+0.537%
2026-05-13 09:00,2차(09:00),정산_기준,1시간,49.15%,50.85%,3.35M,2.65M,700.47K,79.11% 롱포지션,+0.005%,-0.001%,-0.001%,18.40%,11.03B,137.09K,"$80,521.46","119,276,000",1473.05,+0.605%
2026-05-13 09:00,2차(09:00),정산_기준,4시간,49.86%,50.14%,13.30M,5.81M,7.50M,56.35% 숏포지션,+0.005%,-0.001%,-0.001%,18.40%,11.03B,137.09K,"$80,521.46","119,276,000",1473.05,+0.605%
2026-05-13 09:00,2차(09:00),정산_기준,12시간,49.86%,50.14%,161.57M,127.89M,33.68M,79.16% 롱포지션,+0.005%,-0.001%,-0.001%,18.40%,11.03B,137.09K,"$80,521.46","119,276,000",1473.05,+0.605%
2026-05-13 09:00,2차(09:00),정산_기준,24시간,49.82%,50.18%,275.89M,229.38M,46.51M,83.14% 롱포지션,+0.005%,-0.001%,-0.001%,18.40%,11.03B,137.09K,"$80,521.46","119,276,000",1473.05,+0.605%
2026-05-13 09:30,2차(09:00),정산_30분후,1시간,50.06%,49.94%,5.72M,3.61M,2.12M,63.04% 롱포지션,+0.006%,0.000%,+0.005%,18.41%,11.06B,137.07K,"$80,664.71","119,523,000",1490.20,-0.551%
2026-05-13 10:00,2차(09:00),정산_1시간후,1시간,50.08%,49.92%,3.95M,1.93M,2.02M,51.1% 숏포지션,+0.005%,0.000%,-0.002%,18.39%,11.05B,136.93K,"$80,723.64","119,624,000",1490.20,-0.486%
2026-05-13 12:00,-,일반,1시간,50.31%,49.69%,4.72M,1.11M,3.61M,76.48% 숏포지션,+0.005%,+0.002%,+0.001%,18.49%,11.12B,137.31K,"$81,047.08","120,041,000",1490.20,-0.550%
2026-05-13 14:00,-,일반,1시간,50.38%,49.62%,3.19M,476.81K,2.71M,85.04% 숏포지션,+0.006%,+0.003%,+0.003%,18.47%,11.17B,137.59K,"$81,239.41","120,126,000",1490.20,-0.713%
2026-05-13 16:00,3차(17:00),정산_1시간전,1시간,50.02%,49.98%,1.70M,720.38K,978.74K,57.6% 숏포지션,+0.006%,+0.004%,+0.005%,18.52%,11.15B,137.76K,"$81,020.2","119,795,000",1490.20,-0.737%
2026-05-13 16:30,3차(17:00),정산_30분전,1시간,50.4%,49.6%,1.94M,1.30M,640.06K,67.04% 롱포지션,+0.005%,+0.004%,+0.005%,18.51%,11.14B,137.65K,"$80,906.2","119,657,000",1490.20,-0.715%
2026-05-13 17:00,3차(17:00),정산_기준,1시간,50.54%,49.46%,3.58M,1.74M,1.84M,51.39% 숏포지션,+0.005%,+0.004%,+0.005%,18.49%,11.12B,137.38K,"$81,033.37","119,798,000",1490.20,-0.763%
2026-05-13 17:00,3차(17:00),정산_기준,4시간,50.13%,49.87%,14.03M,7.82M,6.20M,55.78% 롱포지션,+0.005%,+0.004%,+0.005%,18.49%,11.12B,137.38K,"$81,033.37","119,798,000",1490.20,-0.763%
2026-05-13 17:00,3차(17:00),정산_기준,12시간,50.16%,49.84%,49.42M,18.79M,30.63M,61.99% 숏포지션,+0.005%,+0.004%,+0.005%,18.49%,11.12B,137.38K,"$81,033.37","119,798,000",1490.20,-0.763%
2026-05-13 17:00,3차(17:00),정산_기준,24시간,50.02%,49.98%,239.21M,178.43M,60.78M,74.59% 롱포지션,+0.005%,+0.004%,+0.005%,18.49%,11.12B,137.38K,"$81,033.37","119,798,000",1490.20,-0.763%
2026-05-13 17:30,3차(17:00),정산_30분후,1시간,49.98%,50.02%,4.85M,1.51M,3.34M,68.78% 숏포지션,+0.005%,+0.004%,+0.001%,18.47%,11.13B,137.29K,"$81,029.4","119,859,000",1490.20,-0.668%
2026-05-13 18:00,3차(17:00),정산_1시간후,1시간,50.05%,49.95%,6.31M,1.13M,5.18M,82.16% 숏포지션,+0.005%,+0.004%,+0.004%,18.48%,11.15B,137.39K,"$81,209.56","120,000,000",1490.20,-0.805%
2026-05-13 20:00,-,일반,1시간,50.06%,49.94%,8.11M,5.85M,2.25M,72.22% 롱포지션,+0.004%,+0.007%,+0.009%,18.44%,11.09B,137.21K,"$80,795.68","119,516,000",1490.20,-0.749%
2026-05-13 22:00,-,일반,1시간,49.74%,50.26%,66.01M,63.36M,2.65M,95.98% 롱포지션,+0.002%,+0.008%,+0.005%,18.20%,10.95B,136.63K,"$80,223.03","118,877,000",1490.20,-0.575%
2026-05-14 00:00,1차(01:00),정산_1시간전,1시간,49.76%,50.24%,26.42M,23.65M,2.77M,89.5% 롱포지션,+0.001%,+0.008%,-0.001%,18.02%,10.89B,136.57K,"$79,819.58","118,467,000",1490.20,-0.353%
2026-05-14 00:30,1차(01:00),정산_30분전,1시간,51.05%,48.95%,37.70M,35.50M,2.20M,94.17% 롱포지션,+0.002%,+0.008%,-0.002%,17.97%,10.85B,136.94K,"$79,250.38","117,977,000",1490.20,-0.069%
2026-05-14 01:00,1차(01:00),정산_기준,1시간,50.16%,49.84%,108.99M,107.25M,1.74M,98.4% 롱포지션,+0.002%,+0.009%,-0.001%,17.91%,10.83B,137.23K,"$78,912.17","117,648,000",1490.20,-0.055%
2026-05-14 01:00,1차(01:00),정산_기준,4시간,49.82%,50.18%,260.83M,252.36M,8.47M,96.75% 롱포지션,+0.002%,+0.009%,-0.001%,17.91%,10.83B,137.23K,"$78,912.17","117,648,000",1490.20,-0.055%
2026-05-14 01:00,1차(01:00),정산_기준,12시간,49.89%,50.11%,307.13M,277.90M,29.24M,90.48% 롱포지션,+0.002%,+0.009%,-0.001%,17.91%,10.83B,137.23K,"$78,912.17","117,648,000",1490.20,-0.055%
2026-05-14 01:00,1차(01:00),정산_기준,24시간,50.02%,49.98%,383.43M,314.89M,68.54M,82.13% 롱포지션,+0.002%,+0.009%,-0.001%,17.91%,10.83B,137.23K,"$78,912.17","117,648,000",1490.20,-0.055%
2026-05-14 01:30,1차(01:00),정산_30분후,1시간,49.51%,50.49%,82.45M,80.06M,2.40M,97.09% 롱포지션,+0.002%,+0.010%,+0.008%,17.81%,10.89B,137.95K,"$79,066.86","117,684,000",1490.20,-0.069%
2026-05-14 02:00,1차(01:00),정산_1시간후,1시간,49.35%,50.65%,55.02M,50.52M,4.50M,91.82% 롱포지션,+0.002%,+0.010%,+0.008%,17.83%,10.90B,137.93K,"$79,092.74","117,914,000",1490.20,-0.056%
2026-05-14 04:00,-,일반,1시간,50.61%,49.39%,7.11M,1.33M,5.78M,81.28% 숏포지션,0.000%,+0.007%,+0.005%,17.98%,10.94B,137.40K,"$79,600.62","118,332,000",1490.20,-0.188%
2026-05-14 06:00,-,일반,1시간,50.09%,49.91%,1.80M,862.81K,936.29K,52.04% 숏포지션,0.000%,+0.006%,+0.004%,18.00%,10.92B,137.13K,"$79,701.14","118,591,000",1490.20,-0.112%
2026-05-14 08:00,2차(09:00),정산_1시간전,1시간,49.81%,50.19%,3.37M,2.96M,412.04K,87.78% 롱포지션,+0.002%,+0.006%,+0.006%,18.05%,10.85B,136.71K,"$79,446.34","118,100,000",1490.20,-0.248%
2026-05-14 08:30,2차(09:00),정산_30분전,1시간,48.92%,51.08%,1.41M,279.87K,1.13M,80.15% 숏포지션,+0.003%,+0.007%,+0.005%,18.06%,10.87B,136.87K,"$79,358.19","117,887,000",1490.20,-0.271%
2026-05-14 09:00,2차(09:00),정산_기준,1시간,49.34%,50.66%,1.11M,295.39K,815.00K,73.4% 숏포지션,+0.004%,+0.007%,+0.005%,18.08%,10.85B,136.91K,"$79,418.76","117,995,000",1490.20,-0.203%
2026-05-14 09:00,2차(09:00),정산_기준,4시간,49.78%,50.22%,11.49M,9.00M,2.50M,78.27% 롱포지션,+0.004%,+0.007%,+0.005%,18.08%,10.85B,136.91K,"$79,418.76","117,995,000",1490.20,-0.203%
2026-05-14 09:00,2차(09:00),정산_기준,12시간,50.04%,49.96%,306.52M,280.45M,26.07M,91.5% 롱포지션,+0.004%,+0.007%,+0.005%,18.08%,10.85B,136.91K,"$79,418.76","117,995,000",1490.20,-0.203%
2026-05-14 09:00,2차(09:00),정산_기준,24시간,50.08%,49.92%,375.45M,311.69M,63.77M,83.02% 롱포지션,+0.004%,+0.007%,+0.005%,18.08%,10.85B,136.91K,"$79,418.76","117,995,000",1490.20,-0.203%
2026-05-14 09:30,2차(09:00),정산_30분후,1시간,50.9%,49.1%,1.89M,599.75K,1.29M,68.28% 숏포지션,+0.005%,+0.007%,+0.004%,18.07%,10.87B,136.90K,"$79,513.25","118,153,000",1489.64,-0.236%
2026-05-14 10:00,2차(09:00),정산_1시간후,1시간,50.96%,49.04%,4.61M,1.37M,3.24M,70.34% 숏포지션,+0.006%,+0.007%,+0.004%,18.06%,10.89B,136.87K,"$79,576.03","118,260,000",1489.64,-0.225%
2026-05-14 12:00,-,일반,1시간,49.67%,50.33%,7.71M,6.91M,806.83K,89.54% 롱포지션,+0.007%,+0.005%,+0.006%,18.11%,10.86B,136.90K,"$79,326.63","117,842,000",1489.64,-0.278%
2026-05-14 14:00,-,일반,1시간,48.4%,51.6%,5.29M,3.61M,1.68M,68.27% 롱포지션,+0.006%,+0.005%,+0.004%,18.10%,10.85B,136.67K,"$79,414.95","117,892,000",1489.64,-0.291%
2026-05-14 16:00,3차(17:00),정산_1시간전,1시간,48.91%,51.09%,3.04M,1.93M,1.11M,63.55% 롱포지션,+0.004%,+0.005%,+0.003%,18.11%,10.85B,135.95K,"$79,832.96","118,426,000",1489.64,-0.394%
2026-05-14 16:30,3차(17:00),정산_30분전,1시간,49.15%,50.85%,3.50M,2.69M,804.84K,76.98% 롱포지션,+0.004%,+0.005%,+0.003%,18.13%,10.86B,136.13K,"$79,800.66","118,405,000",1489.64,-0.371%
2026-05-14 17:00,3차(17:00),정산_기준,1시간,49.65%,50.35%,2.65M,1.79M,860.74K,67.49% 롱포지션,+0.003%,+0.004%,+0.002%,18.13%,10.86B,136.10K,"$79,753.31","118,416,000",1489.64,-0.263%
2026-05-14 17:00,3차(17:00),정산_기준,4시간,49.52%,50.48%,21.22M,6.78M,14.45M,68.07% 숏포지션,+0.003%,+0.004%,+0.002%,18.13%,10.86B,136.10K,"$79,753.31","118,416,000",1489.64,-0.263%
2026-05-14 17:00,3차(17:00),정산_기준,12시간,49.72%,50.28%,72.87M,49.67M,23.20M,68.16% 롱포지션,+0.003%,+0.004%,+0.002%,18.13%,10.86B,136.10K,"$79,753.31","118,416,000",1489.64,-0.263%
2026-05-14 17:00,3차(17:00),정산_기준,24시간,49.88%,50.12%,400.36M,339.13M,61.23M,84.71% 롱포지션,+0.003%,+0.004%,+0.002%,18.13%,10.86B,136.10K,"$79,753.31","118,416,000",1489.64,-0.263%
2026-05-14 17:30,3차(17:00),정산_30분후,1시간,49.63%,50.37%,3.50M,2.20M,1.31M,62.7% 롱포지션,+0.002%,+0.004%,+0.005%,18.16%,10.88B,136.41K,"$79,778.6","118,452,000",1489.64,-0.321%
2026-05-14 18:00,3차(17:00),정산_1시간후,1시간,50.93%,49.07%,3.09M,1.90M,1.19M,61.63% 롱포지션,+0.002%,+0.003%,+0.002%,18.17%,10.88B,136.37K,"$79,874.96","118,542,000",1489.64,-0.311%
2026-05-14 20:00,-,일반,1시간,49.62%,50.38%,2.34M,772.57K,1.57M,67.03% 숏포지션,0.000%,+0.005%,+0.004%,18.16%,10.84B,136.27K,"$79,569.04","118,100,000",1489.64,-0.328%
2026-05-14 22:00,-,일반,1시간,50.54%,49.46%,10.64M,4.01M,6.63M,62.34% 숏포지션,+0.001%,+0.008%,+0.004%,18.11%,10.81B,135.64K,"$79,715.18","118,314,000",1489.64,-0.362%
2026-05-15 00:00,1차(01:00),정산_1시간전,1시간,51%,49%,34.76M,3.19M,31.57M,90.83% 숏포지션,+0.004%,+0.005%,+0.003%,18.62%,11.20B,138.36K,"$81,132.25","119,956,000",1489.64,-0.680%
2026-05-15 00:30,1차(01:00),정산_30분전,1시간,50.74%,49.26%,33.71M,1.48M,32.23M,95.6% 숏포지션,+0.004%,+0.003%,+0.002%,18.74%,11.33B,139.95K,"$81,033.97","119,895,000",1489.64,-0.677%
2026-05-15 01:00,1차(01:00),정산_기준,1시간,51.12%,48.88%,16.92M,1.93M,15.00M,88.61% 숏포지션,+0.004%,+0.001%,0.000%,18.82%,11.42B,140.48K,"$81,441","120,398,000",1489.64,-0.754%
2026-05-15 01:00,1차(01:00),정산_기준,4시간,50.72%,49.28%,87.40M,19.42M,67.98M,77.78% 숏포지션,+0.004%,+0.001%,0.000%,18.82%,11.42B,140.48K,"$81,441","120,398,000",1489.64,-0.754%
2026-05-15 01:00,1차(01:00),정산_기준,12시간,50.21%,49.79%,121.31M,35.01M,86.30M,71.14% 숏포지션,+0.004%,+0.001%,0.000%,18.82%,11.42B,140.48K,"$81,441","120,398,000",1489.64,-0.754%
2026-05-15 01:00,1차(01:00),정산_기준,24시간,50.14%,49.86%,196.03M,90.65M,105.37M,53.75% 숏포지션,+0.004%,+0.001%,0.000%,18.82%,11.42B,140.48K,"$81,441","120,398,000",1489.64,-0.754%
2026-05-15 01:30,1차(01:00),정산_30분후,1시간,50.6%,49.4%,27.52M,2.05M,25.47M,92.55% 숏포지션,+0.003%,-0.001%,-0.014%,18.94%,11.58B,142.06K,"$81,559.37","120,422,000",1489.64,-0.842%
2026-05-15 02:00,1차(01:00),정산_1시간후,1시간,50.31%,49.69%,24.43M,4.04M,20.39M,83.46% 숏포지션,+0.001%,-0.004%,-0.017%,18.93%,11.55B,142.25K,"$81,857.39","120,698,000",1489.64,-0.888%
2026-05-15 04:00,-,일반,1시간,50.42%,49.58%,14.08M,3.03M,11.04M,78.46% 숏포지션,-0.005%,-0.006%,-0.016%,19.06%,11.81B,144.70K,"$81,569.52","120,251,000",1489.64,-1.002%
2026-05-15 06:00,-,일반,1시간,50.8%,49.2%,5.27M,4.61M,654.44K,87.57% 롱포지션,-0.008%,-0.004%,-0.015%,19.10%,11.76B,144.59K,"$81,436.65","120,109,000",1489.64,-0.898%
2026-05-15 08:00,2차(09:00),정산_1시간전,1시간,50.79%,49.21%,1.74M,448.89K,1.29M,74.25% 숏포지션,-0.005%,+0.002%,-0.007%,19.01%,11.77B,144.58K,"$81,406.68","120,376,000",1489.64,-0.695%
2026-05-15 08:30,2차(09:00),정산_30분전,1시간,51.38%,48.62%,2.47M,1.79M,687.06K,72.23% 롱포지션,-0.005%,+0.003%,-0.007%,19.04%,11.75B,144.54K,"$81,344.52","120,119,000",1489.64,-0.820%
2026-05-15 09:00,2차(09:00),정산_기준,1시간,51.16%,48.84%,10.04M,9.65M,392.61K,96.09% 롱포지션,-0.004%,+0.004%,-0.006%,19.08%,11.71B,144.51K,"$81,104.28","119,850,000",1489.64,-0.739%
2026-05-15 09:00,2차(09:00),정산_기준,4시간,50.56%,49.44%,18.70M,15.37M,3.33M,82.18% 롱포지션,-0.004%,+0.004%,-0.006%,19.08%,11.71B,144.51K,"$81,104.28","119,850,000",1489.64,-0.739%
2026-05-15 09:00,2차(09:00),정산_기준,12시간,50.62%,49.38%,180.00M,51.82M,128.18M,71.21% 숏포지션,-0.004%,+0.004%,-0.006%,19.08%,11.71B,144.51K,"$81,104.28","119,850,000",1489.64,-0.739%
2026-05-15 09:00,2차(09:00),정산_기준,24시간,50.28%,49.72%,253.75M,101.03M,152.72M,60.19% 숏포지션,-0.004%,+0.004%,-0.006%,19.08%,11.71B,144.51K,"$81,104.28","119,850,000",1489.64,-0.739%
2026-05-15 09:30,2차(09:00),정산_30분후,1시간,50.09%,49.91%,11.16M,9.77M,1.39M,87.58% 롱포지션,-0.004%,+0.004%,+0.001%,19.11%,11.77B,144.66K,"$81,452.09","120,400,000",1491.94,-0.866%
2026-05-15 10:00,2차(09:00),정산_1시간후,1시간,49.4%,50.6%,8.38M,5.41M,2.97M,64.57% 롱포지션,-0.004%,+0.004%,-0.001%,19.12%,11.79B,144.58K,"$81,543.88","120,817,000",1491.94,-0.681%
2026-05-15 12:00,-,일반,1시간,49.69%,50.31%,18.35M,14.97M,3.39M,81.54% 롱포지션,-0.001%,+0.001%,-0.004%,19.13%,11.71B,144.01K,"$81,292.16","120,334,000",1491.94,-0.792%
2026-05-15 14:00,-,일반,1시간,50.35%,49.65%,3.46M,2.95M,512.10K,85.19% 롱포지션,-0.001%,0.000%,-0.004%,19.13%,11.60B,143.69K,"$80,711.79","119,535,000",1491.94,-0.668%
2026-05-15 16:00,3차(17:00),정산_1시간전,1시간,50.11%,49.89%,4.78M,2.29M,2.49M,52.14% 숏포지션,-0.002%,0.000%,-0.004%,18.97%,11.40B,141.60K,"$80,595.81","119,560,000",1491.94,-0.554%
2026-05-15 16:30,3차(17:00),정산_30분전,1시간,51.14%,48.86%,6.62M,614.11K,6.01M,90.72% 숏포지션,-0.002%,+0.001%,-0.003%,18.94%,11.45B,141.53K,"$80,910.01","119,763,000",1491.94,-0.726%
2026-05-15 17:00,3차(17:00),정산_기준,1시간,49.45%,50.55%,5.38M,457.53K,4.92M,91.5% 숏포지션,-0.002%,+0.002%,-0.002%,18.93%,11.42B,141.35K,"$80,819.39","119,716,000",1491.94,-0.570%
2026-05-15 17:00,3차(17:00),정산_기준,4시간,50.08%,49.92%,89.08M,77.44M,11.64M,86.93% 롱포지션,-0.002%,+0.002%,-0.002%,18.93%,11.42B,141.35K,"$80,819.39","119,716,000",1491.94,-0.570%
2026-05-15 17:00,3차(17:00),정산_기준,12시간,50.1%,49.9%,149.25M,123.90M,25.35M,83.02% 롱포지션,-0.002%,+0.002%,-0.002%,18.93%,11.42B,141.35K,"$80,819.39","119,716,000",1491.94,-0.570%
2026-05-15 17:00,3차(17:00),정산_기준,24시간,50.33%,49.67%,323.04M,168.98M,154.06M,52.31% 롱포지션,-0.002%,+0.002%,-0.002%,18.93%,11.42B,141.35K,"$80,819.39","119,716,000",1491.94,-0.570%
2026-05-15 17:30,3차(17:00),정산_30분후,1시간,47.52%,52.48%,6.48M,2.90M,3.58M,55.28% 숏포지션,-0.002%,+0.003%,+0.006%,18.94%,11.39B,141.36K,"$80,436.89","119,388,000",1491.94,-0.496%
2026-05-15 18:00,3차(17:00),정산_1시간후,1시간,48.77%,51.23%,8.45M,4.57M,3.88M,54.1% 롱포지션,-0.002%,+0.004%,+0.003%,18.92%,11.39B,141.35K,"$80,644.59","119,549,000",1491.94,-0.575%
2026-05-15 20:00,-,일반,1시간,50.68%,49.32%,3.75M,2.56M,1.19M,68.35% 롱포지션,-0.003%,+0.007%,,18.89%,11.37B,140.91K,"$80,678.18","119,541,000",1491.94,-0.626%
2026-05-15 22:00,-,일반,1시간,49.13%,50.87%,6.92M,6.33M,591.78K,91.45% 롱포지션,-0.004%,+0.006%,-0.002%,18.72%,11.21B,139.46K,"$80,338.26","119,266,000",1491.94,-0.419%
2026-05-16 00:00,1차(01:00),정산_1시간전,1시간,52.32%,47.68%,25.30M,23.15M,2.15M,91.49% 롱포지션,0.000%,+0.003%,-0.003%,18.20%,10.76B,135.95K,"$79,157.23","117,835,000",1491.94,-0.195%
2026-05-16 00:30,1차(01:00),정산_30분전,1시간,50.65%,49.35%,4.96M,3.72M,1.24M,74.99% 롱포지션,0.000%,+0.002%,-0.003%,18.23%,10.76B,136.05K,"$79,163.02","117,987,000",1491.94,-0.064%
2026-05-16 01:00,1차(01:00),정산_기준,1시간,49.5%,50.5%,5.37M,4.35M,1.02M,81.02% 롱포지션,+0.001%,+0.001%,-0.002%,18.21%,10.76B,135.90K,"$79,158.23","117,850,000",1491.94,-0.173%
2026-05-16 01:00,1차(01:00),정산_기준,4시간,50.21%,49.79%,239.01M,232.64M,6.38M,97.33% 롱포지션,+0.001%,+0.001%,-0.002%,18.21%,10.76B,135.90K,"$79,158.23","117,850,000",1491.94,-0.173%
2026-05-16 01:00,1차(01:00),정산_기준,12시간,50.17%,49.83%,351.05M,326.45M,24.60M,92.99% 롱포지션,+0.001%,+0.001%,-0.002%,18.21%,10.76B,135.90K,"$79,158.23","117,850,000",1491.94,-0.173%
2026-05-16 01:00,1차(01:00),정산_기준,24시간,50.23%,49.77%,487.60M,389.95M,97.65M,79.97% 롱포지션,+0.001%,+0.001%,-0.002%,18.21%,10.76B,135.90K,"$79,158.23","117,850,000",1491.94,-0.173%
2026-05-16 01:30,1차(01:00),정산_30분후,1시간,49.06%,50.94%,4.86M,3.97M,887.70K,81.74% 롱포지션,+0.002%,+0.001%,+0.002%,18.22%,10.76B,135.80K,"$79,363.31","118,073,000",1491.94,-0.209%
2026-05-16 02:00,1차(01:00),정산_1시간후,1시간,48.07%,51.93%,2.94M,1.53M,1.41M,52.01% 롱포지션,+0.003%,0.000%,+0.001%,18.23%,10.76B,135.75K,"$79,282.71","117,948,000",1491.94,-0.222%
2026-05-16 04:00,-,일반,1시간,50.05%,49.95%,2.14M,838.86K,1.30M,60.76% 숏포지션,+0.006%,-0.002%,-0.002%,18.31%,10.74B,135.54K,"$79,273.2","117,962,000",1491.94,-0.223%
2026-05-16 06:00,-,일반,1시간,49.61%,50.39%,3.41M,2.85M,559.55K,83.6% 롱포지션,+0.006%,+0.001%,-0.004%,18.28%,10.71B,135.47K,"$79,117.47","117,823,000",1491.94,-0.155%
2026-05-16 08:00,2차(09:00),정산_1시간전,1시간,50.2%,49.8%,683.94K,423.84K,260.10K,61.97% 롱포지션,+0.004%,+0.003%,-0.005%,18.27%,10.70B,135.38K,"$79,097.04","117,870,000",1491.94,-0.070%
2026-05-16 08:30,2차(09:00),정산_30분전,1시간,49.18%,50.82%,942.78K,670.23K,272.56K,71.09% 롱포지션,+0.004%,+0.005%,-0.005%,18.26%,10.70B,135.34K,"$79,107.65","117,867,000",1491.94,-0.093%
2026-05-16 09:00,2차(09:00),정산_기준,1시간,49.75%,50.25%,1.09M,864.33K,226.44K,79.24% 롱포지션,+0.004%,+0.006%,-0.004%,18.26%,10.70B,135.27K,"$79,079.58","117,676,000",1491.94,-0.232%
2026-05-16 09:00,2차(09:00),정산_기준,4시간,49.94%,50.06%,9.41M,7.04M,2.38M,74.74% 롱포지션,+0.004%,+0.006%,-0.004%,18.26%,10.70B,135.27K,"$79,079.58","117,676,000",1491.94,-0.232%
2026-05-16 09:00,2차(09:00),정산_기준,12시간,49.94%,50.06%,259.27M,244.70M,14.57M,94.38% 롱포지션,+0.004%,+0.006%,-0.004%,18.26%,10.70B,135.27K,"$79,079.58","117,676,000",1491.94,-0.232%
2026-05-16 09:00,2차(09:00),정산_기준,24시간,49.97%,50.03%,412.23M,369.04M,43.19M,89.52% 롱포지션,+0.004%,+0.006%,-0.004%,18.26%,10.70B,135.27K,"$79,079.58","117,676,000",1491.94,-0.232%
2026-05-16 09:30,2차(09:00),정산_30분후,1시간,51.42%,48.58%,1.52M,973.76K,543.35K,64.19% 롱포지션,+0.004%,+0.007%,-0.001%,18.27%,10.70B,135.22K,"$79,168.91","117,945,000",1498.08,-0.526%
2026-05-16 10:00,2차(09:00),정산_1시간후,1시간,50.92%,49.08%,1.95M,988.29K,958.02K,50.78% 롱포지션,+0.004%,+0.008%,-0.002%,18.25%,10.68B,135.05K,"$79,105.18","117,913,000",1498.08,-0.454%
2026-05-16 12:00,-,일반,1시간,50.37%,49.63%,1.32M,931.41K,390.34K,70.47% 롱포지션,+0.004%,+0.010%,-0.002%,18.30%,10.70B,135.28K,"$79,143.42","117,849,000",1498.08,-0.572%
2026-05-16 14:00,-,일반,1시간,50.11%,49.89%,25.46M,25.18M,281.15K,98.9% 롱포지션,+0.003%,+0.010%,-0.003%,18.35%,10.70B,135.46K,"$79,029.78","117,671,000",1498.08,-0.560%
2026-05-16 16:00,3차(17:00),정산_1시간전,1시간,49.71%,50.29%,40.89M,40.45M,446.46K,98.91% 롱포지션,+0.001%,+0.010%,-0.003%,18.46%,10.61B,134.98K,"$78,609.69","117,147,000",1498.08,-0.473%
2026-05-16 16:30,3차(17:00),정산_30분전,1시간,50.01%,49.99%,249.98M,246.92M,3.05M,98.78% 롱포지션,0.000%,+0.010%,-0.001%,18.43%,10.57B,134.74K,"$78,403.91","117,026,000",1498.08,-0.297%
2026-05-16 17:00,3차(17:00),정산_기준,1시간,48.49%,51.51%,222.57M,219.09M,3.48M,98.44% 롱포지션,0.000%,+0.009%,-0.002%,18.42%,10.54B,134.54K,"$78,397.18","116,886,000",1498.08,-0.445%
2026-05-16 17:00,3차(17:00),정산_기준,4시간,49.49%,50.51%,291.17M,286.57M,4.60M,98.42% 롱포지션,0.000%,+0.009%,-0.002%,18.42%,10.54B,134.54K,"$78,397.18","116,886,000",1498.08,-0.445%
2026-05-16 17:00,3차(17:00),정산_기준,12시간,49.88%,50.12%,308.35M,299.38M,8.97M,97.09% 롱포지션,0.000%,+0.009%,-0.002%,18.42%,10.54B,134.54K,"$78,397.18","116,886,000",1498.08,-0.445%
2026-05-16 17:00,3차(17:00),정산_기준,24시간,49.97%,50.03%,581.16M,553.42M,27.74M,95.23% 롱포지션,0.000%,+0.009%,-0.002%,18.42%,10.54B,134.54K,"$78,397.18","116,886,000",1498.08,-0.445%
2026-05-16 17:30,3차(17:00),정산_30분후,1시간,49.69%,50.31%,2.65M,1.76M,891.69K,66.4% 롱포지션,0.000%,+0.007%,-0.006%,18.42%,10.56B,134.73K,"$78,418.23","116,776,000",1498.08,-0.582%
2026-05-16 18:00,3차(17:00),정산_1시간후,1시간,49.88%,50.12%,2.79M,1.08M,1.71M,61.17% 숏포지션,0.000%,+0.006%,-0.005%,18.41%,10.56B,134.73K,"$78,426.7","116,757,000",1498.08,-0.590%
2026-05-16 20:00,-,일반,1시간,50.14%,49.86%,50.02M,49.02M,1.00M,98% 롱포지션,+0.002%,+0.006%,-0.001%,18.28%,10.50B,134.73K,"$78,072.58","116,462,000",1498.08,-0.349%
2026-05-16 22:00,-,일반,1시간,50.9%,49.1%,1.39M,584.65K,802.08K,57.84% 숏포지션,+0.004%,+0.009%,+0.002%,18.26%,10.53B,134.95K,"$78,007.07","116,387,000",1498.08,-0.354%
2026-05-17 00:00,1차(01:00),정산_1시간전,1시간,49.44%,50.56%,3.81M,455.38K,3.36M,88.06% 숏포지션,+0.006%,+0.010%,+0.003%,18.39%,10.58B,135.44K,"$78,153.01","116,395,000",1498.08,-0.578%
2026-05-17 00:30,1차(01:00),정산_30분전,1시간,50.35%,49.65%,3.97M,679.28K,3.29M,82.88% 숏포지션,+0.006%,+0.010%,+0.003%,18.39%,10.58B,135.40K,"$78,166.41","116,532,000",1498.08,-0.455%
2026-05-17 01:00,1차(01:00),정산_기준,1시간,50.12%,49.88%,1.06M,522.80K,537.98K,50.72% 숏포지션,+0.005%,+0.010%,+0.002%,18.41%,10.60B,135.53K,"$78,214.24","116,688,000",1498.08,-0.378%
2026-05-17 01:00,1차(01:00),정산_기준,4시간,50.07%,49.93%,7.97M,2.78M,5.19M,65.07% 숏포지션,+0.005%,+0.010%,+0.002%,18.41%,10.60B,135.53K,"$78,214.24","116,688,000",1498.08,-0.378%
2026-05-17 01:00,1차(01:00),정산_기준,12시간,49.93%,50.07%,436.41M,419.51M,16.91M,96.13% 롱포지션,+0.005%,+0.010%,+0.002%,18.41%,10.60B,135.53K,"$78,214.24","116,688,000",1498.08,-0.378%
2026-05-17 01:00,1차(01:00),정산_기준,24시간,49.92%,50.08%,464.28M,437.22M,27.06M,94.17% 롱포지션,+0.005%,+0.010%,+0.002%,18.41%,10.60B,135.53K,"$78,214.24","116,688,000",1498.08,-0.378%
2026-05-17 01:30,1차(01:00),정산_30분후,1시간,49.27%,50.73%,2.53M,674.54K,1.85M,73.31% 숏포지션,+0.004%,+0.010%,+0.001%,18.35%,10.61B,135.56K,"$78,284.74","116,771,000",1498.08,-0.381%
2026-05-17 02:00,1차(01:00),정산_1시간후,1시간,50.06%,49.94%,3.83M,1.93M,1.90M,50.37% 롱포지션,+0.004%,+0.010%,+0.001%,18.32%,10.59B,135.48K,"$78,225.14","116,626,000",1498.08,-0.448%
2026-05-17 04:00,-,일반,1시간,50.29%,49.71%,1.20M,379.97K,816.74K,68.25% 숏포지션,+0.003%,+0.006%,+0.006%,18.36%,10.59B,135.40K,"$78,237.13","116,635,000",1498.08,-0.448%
2026-05-17 06:00,-,일반,1시간,50.67%,49.33%,384.21K,231.97K,152.24K,60.38% 롱포지션,+0.002%,+0.003%,+0.004%,18.37%,10.59B,135.41K,"$78,255.82","116,708,000",1498.08,-0.408%
2026-05-17 08:00,2차(09:00),정산_1시간전,1시간,50.92%,49.08%,580.70K,369.07K,211.63K,63.56% 롱포지션,+0.004%,+0.004%,+0.004%,18.41%,10.59B,135.43K,"$78,180.64","116,702,000",1498.08,-0.330%
2026-05-17 08:30,2차(09:00),정산_30분전,1시간,51.43%,48.57%,500.82K,290.88K,209.94K,58.08% 롱포지션,+0.004%,+0.004%,+0.004%,18.40%,10.58B,135.33K,"$78,227.56","116,792,000",1498.08,-0.303%
2026-05-17 09:00,2차(09:00),정산_기준,1시간,50.75%,49.25%,529.37K,272.12K,257.25K,51.4% 롱포지션,+0.004%,+0.004%,+0.004%,18.41%,10.57B,135.31K,"$78,177.14","116,727,000",1498.08,-0.328%
2026-05-17 09:00,2차(09:00),정산_기준,4시간,50.65%,49.35%,1.96M,1.08M,882.53K,54.97% 롱포지션,+0.004%,+0.004%,+0.004%,18.41%,10.57B,135.31K,"$78,177.14","116,727,000",1498.08,-0.328%
2026-05-17 09:00,2차(09:00),정산_기준,12시간,50.29%,49.71%,17.50M,6.92M,10.57M,60.42% 숏포지션,+0.004%,+0.004%,+0.004%,18.41%,10.57B,135.31K,"$78,177.14","116,727,000",1498.08,-0.328%
2026-05-17 09:00,2차(09:00),정산_기준,24시간,50.14%,49.86%,453.47M,429.20M,24.27M,94.65% 롱포지션,+0.004%,+0.004%,+0.004%,18.41%,10.57B,135.31K,"$78,177.14","116,727,000",1498.08,-0.328%
2026-05-17 09:30,2차(09:00),정산_30분후,1시간,50.04%,49.96%,760.72K,352.54K,408.19K,53.66% 숏포지션,+0.004%,+0.004%,+0.003%,18.43%,10.58B,135.49K,"$78,180.54","116,730,000",1497.84,-0.285%
2026-05-17 10:00,2차(09:00),정산_1시간후,1시간,49.36%,50.64%,1.95M,1.54M,408.86K,78.99% 롱포지션,+0.005%,+0.003%,0.000%,18.55%,10.57B,135.83K,"$78,008.32","116,251,000",1497.84,-0.246%
2026-05-17 12:00,-,일반,1시간,50.8%,49.2%,1.38M,924.93K,451.62K,67.19% 롱포지션,+0.005%,+0.002%,+0.001%,18.49%,10.59B,136.05K,"$77,907.17","116,191,000",1497.84,-0.420%
2026-05-17 14:00,-,일반,1시간,50.37%,49.63%,3.57M,447.41K,3.12M,87.46% 숏포지션,+0.004%,+0.003%,-0.001%,18.43%,10.61B,135.84K,"$78,153.52","116,558,000",1497.84,-0.387%
2026-05-17 16:00,3차(17:00),정산_1시간전,1시간,49.34%,50.66%,1.09M,656.60K,434.37K,60.19% 롱포지션,+0.002%,+0.003%,+0.001%,18.46%,10.62B,136.02K,"$78,114.21","116,499,000",1497.84,-0.363%
2026-05-17 16:30,3차(17:00),정산_30분전,1시간,49.67%,50.33%,743.21K,303.27K,439.93K,59.19% 숏포지션,+0.002%,+0.003%,+0.001%,18.49%,10.62B,136.00K,"$78,135.58","116,425,000",1497.84,-0.504%
2026-05-17 17:00,3차(17:00),정산_기준,1시간,49.78%,50.22%,865.88K,193.24K,672.64K,77.68% 숏포지션,+0.001%,+0.003%,+0.001%,18.47%,10.62B,135.98K,"$78,178.31","116,551,000",1497.84,-0.370%
2026-05-17 17:00,3차(17:00),정산_기준,4시간,50.06%,49.94%,10.74M,2.43M,8.31M,77.35% 숏포지션,+0.001%,+0.003%,+0.001%,18.47%,10.62B,135.98K,"$78,178.31","116,551,000",1497.84,-0.370%
2026-05-17 17:00,3차(17:00),정산_기준,12시간,50.48%,49.52%,34.23M,22.19M,12.04M,64.82% 롱포지션,+0.001%,+0.003%,+0.001%,18.47%,10.62B,135.98K,"$78,178.31","116,551,000",1497.84,-0.370%
2026-05-17 17:00,3차(17:00),정산_기준,24시간,50.31%,49.69%,187.04M,158.20M,28.84M,84.58% 롱포지션,+0.001%,+0.003%,+0.001%,18.47%,10.62B,135.98K,"$78,178.31","116,551,000",1497.84,-0.370%
2026-05-17 17:30,3차(17:00),정산_30분후,1시간,48.9%,51.1%,873.10K,267.90K,605.20K,69.32% 숏포지션,+0.001%,+0.003%,0.000%,18.48%,10.62B,136.07K,"$78,065.85","116,517,000",1497.84,-0.313%
2026-05-17 18:00,3차(17:00),정산_1시간후,1시간,49.31%,50.69%,695.24K,359.94K,335.31K,51.77% 롱포지션,0.000%,+0.004%,+0.001%,18.48%,10.62B,136.05K,"$78,090.36","116,494,000",1497.84,-0.359%
2026-05-17 20:00,-,일반,1시간,50.29%,49.71%,9.81M,530.73K,9.28M,94.59% 숏포지션,0.000%,+0.004%,-0.001%,18.49%,10.64B,135.72K,"$78,466.39","116,971,000",1497.84,-0.315%
2026-05-17 22:00,-,일반,1시간,49.29%,50.71%,1.86M,380.77K,1.47M,79.48% 숏포지션,-0.001%,+0.001%,+0.001%,18.45%,10.63B,135.68K,"$78,328.25","117,000,000",1497.84,-0.230%
2026-05-18 00:00,1차(01:00),정산_1시간전,1시간,49.73%,50.27%,12.12M,10.07M,2.04M,83.12% 롱포지션,0.000%,-0.003%,+0.001%,18.44%,10.59B,135.65K,"$78,008.41","116,213,000",1497.84,-0.508%
2026-05-18 00:30,1차(01:00),정산_30분전,1시간,49.36%,50.64%,3.22M,958.72K,2.26M,70.21% 숏포지션,0.000%,-0.003%,0.000%,18.44%,10.59B,135.80K,"$77,989.03","116,355,000",1497.84,-0.391%
2026-05-18 01:00,1차(01:00),정산_기준,1시간,50.37%,49.63%,3.00M,1.02M,1.98M,65.89% 숏포지션,0.000%,-0.004%,0.000%,18.44%,10.62B,136.08K,"$78,102.6","116,315,000",1497.84,-0.497%
2026-05-18 01:00,1차(01:00),정산_기준,4시간,49.82%,50.18%,19.34M,13.29M,6.05M,68.7% 롱포지션,0.000%,-0.004%,0.000%,18.44%,10.62B,136.08K,"$78,102.6","116,315,000",1497.84,-0.497%
2026-05-18 01:00,1차(01:00),정산_기준,12시간,49.81%,50.19%,43.64M,17.70M,25.94M,59.44% 숏포지션,0.000%,-0.004%,0.000%,18.44%,10.62B,136.08K,"$78,102.6","116,315,000",1497.84,-0.497%
2026-05-18 01:00,1차(01:00),정산_기준,24시간,50.15%,49.85%,74.71M,40.54M,34.17M,54.26% 롱포지션,0.000%,-0.004%,0.000%,18.44%,10.62B,136.08K,"$78,102.6","116,315,000",1497.84,-0.497%
2026-05-18 01:30,1차(01:00),정산_30분후,1시간,50.28%,49.72%,1.78M,789.31K,991.33K,55.67% 숏포지션,0.000%,-0.003%,+0.002%,18.46%,10.64B,136.22K,"$78,137.23","116,382,000",1497.84,-0.515%
2026-05-18 02:00,1차(01:00),정산_1시간후,1시간,50.38%,49.62%,1.96M,1.08M,877.41K,55.16% 롱포지션,0.000%,-0.003%,-0.002%,18.47%,10.63B,136.24K,"$78,045.47","116,329,000",1497.84,-0.380%
2026-05-18 04:00,-,일반,1시간,48.78%,51.22%,3.44M,1.07M,2.36M,68.74% 숏포지션,-0.002%,-0.004%,+0.001%,18.48%,10.66B,136.28K,"$78,270.27","116,416,000",1497.84,-0.611%
2026-05-18 06:00,-,일반,1시간,50.76%,49.24%,2.16M,467.49K,1.69M,78.35% 숏포지션,-0.004%,-0.002%,-0.001%,18.48%,10.65B,136.11K,"$78,270.36","116,603,000",1497.84,-0.493%
2026-05-18 08:00,2차(09:00),정산_1시간전,1시간,50.41%,49.59%,11.28M,8.38M,2.90M,74.32% 롱포지션,-0.003%,-0.002%,-0.001%,18.55%,10.63B,136.49K,"$77,976.2","116,027,000",1497.84,-0.625%
2026-05-18 08:30,2차(09:00),정산_30분전,1시간,49.72%,50.28%,21.84M,21.12M,726.50K,96.67% 롱포지션,-0.002%,-0.001%,-0.002%,18.60%,10.66B,136.87K,"$77,786.2","115,734,000",1497.84,-0.621%
2026-05-18 09:00,2차(09:00),정산_기준,1시간,49.17%,50.83%,526.57M,510.13M,16.44M,96.88% 롱포지션,-0.001%,-0.001%,-0.001%,18.69%,10.41B,134.46K,"$77,440.41","115,411,000",1497.84,-0.339%
2026-05-18 09:00,2차(09:00),정산_기준,4시간,49.96%,50.04%,545.91M,520.11M,25.80M,95.27% 롱포지션,-0.001%,-0.001%,-0.001%,18.69%,10.41B,134.46K,"$77,440.41","115,411,000",1497.84,-0.339%
2026-05-18 09:00,2차(09:00),정산_기준,12시간,49.76%,50.24%,583.44M,540.85M,42.59M,92.7% 롱포지션,-0.001%,-0.001%,-0.001%,18.69%,10.41B,134.46K,"$77,440.41","115,411,000",1497.84,-0.339%
2026-05-18 09:00,2차(09:00),정산_기준,24시간,49.93%,50.07%,629.28M,563.97M,65.31M,89.62% 롱포지션,-0.001%,-0.001%,-0.001%,18.69%,10.41B,134.46K,"$77,440.41","115,411,000",1497.84,-0.339%
2026-05-18 09:30,2차(09:00),정산_30분후,1시간,49.63%,50.37%,519.33M,500.65M,18.67M,96.4% 롱포지션,-0.001%,-0.001%,-0.004%,18.57%,10.37B,134.36K,"$77,088.38","114,650,000",1497.53,-0.782%
2026-05-18 10:00,2차(09:00),정산_1시간후,1시간,50.45%,49.55%,31.41M,27.01M,4.40M,85.99% 롱포지션,0.000%,-0.001%,0.000%,18.55%,10.37B,134.61K,"$77,204.12","114,677,000",1497.53,-0.728%
2026-05-18 12:00,-,일반,1시간,49.7%,50.3%,5.30M,4.00M,1.30M,75.51% 롱포지션,+0.002%,+0.002%,+0.005%,18.54%,10.39B,135.32K,"$76,904.29","114,502,000",1497.53,-0.552%
2026-05-18 14:00,-,일반,1시간,49.85%,50.15%,2.44M,1.05M,1.40M,57.1% 숏포지션,+0.005%,+0.007%,+0.007%,18.48%,10.44B,135.72K,"$77,037.64","114,550,000",1497.53,-0.623%
2026-05-18 16:00,3차(17:00),정산_1시간전,1시간,49.66%,50.34%,14.94M,13.94M,996.88K,93.33% 롱포지션,+0.006%,+0.008%,+0.006%,18.45%,10.49B,136.43K,"$76,944.98","114,362,000",1497.53,-0.742%
2026-05-18 16:30,3차(17:00),정산_30분전,1시간,50.16%,49.84%,2.29M,1.65M,646.55K,71.81% 롱포지션,+0.006%,+0.007%,+0.007%,18.43%,10.50B,136.58K,"$77,033","114,424,000",1497.53,-0.776%
2026-05-18 17:00,3차(17:00),정산_기준,1시간,50.67%,49.33%,2.88M,1.94M,938.24K,67.4% 롱포지션,+0.006%,+0.007%,+0.006%,18.36%,10.51B,136.42K,"$77,094.04","114,506,000",1497.53,-0.787%
2026-05-18 17:00,3차(17:00),정산_기준,4시간,49.96%,50.04%,25.36M,20.40M,4.96M,80.44% 롱포지션,+0.006%,+0.007%,+0.006%,18.36%,10.51B,136.42K,"$77,094.04","114,506,000",1497.53,-0.787%
2026-05-18 17:00,3차(17:00),정산_기준,12시간,49.94%,50.06%,625.48M,583.68M,41.80M,93.32% 롱포지션,+0.006%,+0.007%,+0.006%,18.36%,10.51B,136.42K,"$77,094.04","114,506,000",1497.53,-0.787%
2026-05-18 17:00,3차(17:00),정산_기준,24시간,49.7%,50.3%,676.65M,606.41M,70.23M,89.62% 롱포지션,+0.006%,+0.007%,+0.006%,18.36%,10.51B,136.42K,"$77,094.04","114,506,000",1497.53,-0.787%
2026-05-18 17:30,3차(17:00),정산_30분후,1시간,50.29%,49.71%,2.14M,1.11M,1.04M,51.63% 롱포지션,+0.005%,+0.006%,+0.010%,18.35%,10.49B,136.32K,"$76,937.1","114,385,000",1497.53,-0.704%
2026-05-18 18:00,3차(17:00),정산_1시간후,1시간,50.36%,49.64%,1.70M,783.56K,915.20K,53.87% 숏포지션,+0.006%,+0.006%,+0.010%,18.35%,10.51B,136.53K,"$77,042.51","114,450,000",1497.53,-0.731%
2026-05-18 20:00,-,일반,1시간,49.33%,50.67%,4.71M,4.31M,395.53K,91.6% 롱포지션,+0.006%,+0.006%,+0.008%,18.35%,10.51B,136.99K,"$76,727.08","113,857,000",1497.53,-0.866%
2026-05-18 22:00,-,일반,1시간,51.01%,48.99%,17.29M,5.30M,11.99M,69.36% 숏포지션,+0.005%,+0.005%,+0.007%,18.49%,10.63B,137.06K,"$77,572.29","115,329,000",1497.53,-0.665%
2026-05-19 00:30,1차(01:00),정산_30분전,1시간,51.09%,48.91%,65.80M,62.12M,3.67M,94.42% 롱포지션,+0.005%,+0.008%,+0.005%,18.51%,10.63B,139.58K,"$76,086.32","113,311,000",1497.53,-0.472%
2026-05-19 01:00,1차(01:00),정산_기준,1시간,50.33%,49.67%,45.29M,41.87M,3.42M,92.46% 롱포지션,+0.007%,+0.009%,+0.005%,18.58%,10.78B,141.04K,"$76,336.88","113,678,000",1497.53,-0.495%
2026-05-19 01:00,1차(01:00),정산_기준,4시간,50.73%,49.27%,138.46M,115.45M,23.01M,83.38% 롱포지션,+0.007%,+0.009%,+0.005%,18.58%,10.78B,141.04K,"$76,336.88","113,678,000",1497.53,-0.495%
2026-05-19 01:00,1차(01:00),정산_기준,12시간,50.22%,49.78%,190.27M,146.19M,44.07M,76.84% 롱포지션,+0.007%,+0.009%,+0.005%,18.58%,10.78B,141.04K,"$76,336.88","113,678,000",1497.53,-0.495%
2026-05-19 01:00,1차(01:00),정산_기준,24시간,49.98%,50.02%,808.61M,716.96M,91.65M,88.67% 롱포지션,+0.007%,+0.009%,+0.005%,18.58%,10.78B,141.04K,"$76,336.88","113,678,000",1497.53,-0.495%
2026-05-19 01:30,1차(01:00),정산_30분후,1시간,50.53%,49.47%,16.47M,13.62M,2.85M,82.69% 롱포지션,+0.008%,+0.010%,0.000%,18.63%,10.80B,141.55K,"$76,294.28","113,594,000",1497.53,-0.567%
2026-05-19 02:00,1차(01:00),정산_1시간후,1시간,50.44%,49.56%,10.11M,7.94M,2.17M,78.55% 롱포지션,+0.009%,+0.010%,+0.001%,18.54%,10.75B,140.69K,"$76,422.47","113,700,000",1497.53,-0.562%
2026-05-19 04:00,-,일반,1시간,48.99%,51.01%,29.30M,26.68M,2.62M,91.06% 롱포지션,+0.009%,+0.010%,+0.004%,18.67%,10.71B,140.44K,"$76,294.03","113,579,000",1497.53,-0.596%
2026-05-19 06:00,-,일반,1시간,48.52%,51.48%,6.74M,1.35M,5.39M,80.02% 숏포지션,+0.010%,+0.010%,+0.006%,18.67%,10.72B,139.24K,"$76,909.1","114,200,000",1497.53,-0.733%
2026-05-19 08:00,2차(09:00),정산_1시간전,1시간,49.92%,50.08%,5.51M,1.34M,4.17M,75.71% 숏포지션,+0.006%,+0.010%,+0.005%,18.67%,10.68B,138.80K,"$77,075.74","114,382,000",1497.53,-0.863%
2026-05-19 08:30,2차(09:00),정산_30분전,1시간,49.46%,50.54%,2.46M,910.27K,1.55M,62.93% 숏포지션,+0.005%,+0.010%,+0.004%,18.67%,10.68B,138.65K,"$77,017.48","114,452,000",1497.53,-0.727%
2026-05-19 09:00,2차(09:00),정산_기준,1시간,49.64%,50.36%,1.76M,421.43K,1.33M,75.99% 숏포지션,+0.005%,+0.009%,+0.004%,18.67%,10.67B,138.65K,"$77,028.56","114,350,000",1497.53,-0.781%
2026-05-19 09:00,2차(09:00),정산_기준,4시간,49.46%,50.54%,25.58M,3.94M,21.64M,84.6% 숏포지션,+0.005%,+0.009%,+0.004%,18.67%,10.67B,138.65K,"$77,028.56","114,350,000",1497.53,-0.781%
2026-05-19 09:00,2차(09:00),정산_기준,12시간,49.97%,50.03%,224.16M,157.40M,66.76M,70.22% 롱포지션,+0.005%,+0.009%,+0.004%,18.67%,10.67B,138.65K,"$77,028.56","114,350,000",1497.53,-0.781%
2026-05-19 09:00,2차(09:00),정산_기준,24시간,49.94%,50.06%,330.07M,231.35M,98.72M,70.09% 롱포지션,+0.005%,+0.009%,+0.004%,18.67%,10.67B,138.65K,"$77,028.56","114,350,000",1497.53,-0.781%
2026-05-19 09:30,2차(09:00),정산_30분후,1시간,49.81%,50.19%,9.28M,680.18K,8.60M,92.67% 숏포지션,+0.005%,+0.007%,-0.004%,18.75%,10.70B,138.56K,"$77,209.71","114,766,000",1494.42,-0.495%
2026-05-19 10:00,2차(09:00),정산_1시간후,1시간,49.86%,50.14%,9.23M,666.27K,8.57M,92.78% 숏포지션,+0.004%,+0.006%,0.000%,18.75%,10.69B,138.62K,"$77,078.19","114,703,000",1494.42,-0.385%
2026-05-19 12:00,-,일반,1시간,50.94%,49.06%,5.43M,4.22M,1.22M,77.61% 롱포지션,+0.006%,+0.004%,+0.006%,18.84%,10.65B,139.01K,"$76,582.58","113,854,000",1494.42,-0.491%
2026-05-19 14:00,-,일반,1시간,50.25%,49.75%,1.92M,976.19K,944.23K,50.83% 롱포지션,+0.006%,+0.005%,+0.006%,18.81%,10.69B,139.02K,"$76,914","114,339,000",1494.42,-0.499%
2026-05-19 16:00,3차(17:00),정산_1시간전,1시간,50.3%,49.7%,2.11M,323.79K,1.79M,84.68% 숏포지션,+0.005%,+0.005%,+0.004%,18.78%,10.70B,138.92K,"$76,995.29","114,670,000",1494.42,-0.306%
2026-05-19 16:30,3차(17:00),정산_30분전,1시간,51.52%,48.48%,3.71M,597.90K,3.11M,83.89% 숏포지션,+0.005%,+0.005%,+0.004%,18.75%,10.71B,138.87K,"$77,124.06","114,870,000",1494.42,-0.344%
2026-05-19 17:00,3차(17:00),정산_기준,1시간,51.21%,48.79%,3.39M,613.63K,2.78M,81.9% 숏포지션,+0.005%,+0.004%,+0.005%,18.74%,10.71B,138.76K,"$77,230.23","115,052,000",1494.42,-0.247%
2026-05-19 17:00,3차(17:00),정산_기준,4시간,50.67%,49.33%,12.43M,4.11M,8.32M,66.92% 숏포지션,+0.005%,+0.004%,+0.005%,18.74%,10.71B,138.76K,"$77,230.23","115,052,000",1494.42,-0.247%
2026-05-19 17:00,3차(17:00),정산_기준,12시간,50.12%,49.88%,59.16M,17.20M,41.96M,70.92% 숏포지션,+0.005%,+0.004%,+0.005%,18.74%,10.71B,138.76K,"$77,230.23","115,052,000",1494.42,-0.247%
2026-05-19 17:00,3차(17:00),정산_기준,24시간,50.14%,49.86%,284.11M,181.01M,103.10M,63.71% 롱포지션,+0.005%,+0.004%,+0.005%,18.74%,10.71B,138.76K,"$77,230.23","115,052,000",1494.42,-0.247%
2026-05-19 17:30,3차(17:00),정산_30분후,1시간,50.31%,49.69%,3.16M,1.65M,1.51M,52.16% 롱포지션,+0.005%,+0.003%,+0.004%,18.74%,10.67B,138.73K,"$77,042.38","114,703,000",1494.42,-0.363%
2026-05-19 18:00,3차(17:00),정산_1시간후,1시간,49.79%,50.21%,2.77M,1.73M,1.04M,62.43% 롱포지션,+0.005%,+0.003%,+0.006%,18.69%,10.69B,138.77K,"$77,030.84","114,674,000",1494.42,-0.335%
2026-05-19 20:00,-,일반,1시간,49.67%,50.33%,4.90M,3.81M,1.09M,77.7% 롱포지션,+0.005%,+0.003%,+0.004%,18.64%,10.69B,138.75K,"$77,039.58","114,757,000",1494.42,-0.269%
2026-05-19 22:00,-,일반,1시간,49.82%,50.18%,1.84M,1.33M,510.27K,72.27% 롱포지션,+0.005%,+0.006%,+0.003%,18.65%,10.67B,138.77K,"$76,937.88","114,600,000",1494.42,-0.266%
2026-05-20 00:00,1차(01:00),정산_1시간전,1시간,50.3%,49.7%,31.69M,29.70M,1.99M,93.72% 롱포지션,+0.005%,+0.010%,+0.006%,18.87%,10.73B,140.66K,"$76,453.56","114,000,000",1494.42,-0.183%
2026-05-20 00:30,1차(01:00),정산_30분전,1시간,49.86%,50.14%,19.38M,16.71M,2.67M,86.23% 롱포지션,+0.006%,+0.010%,+0.006%,18.90%,10.75B,140.64K,"$76,527.69","114,200,000",1494.42,-0.216%
